aahs,1
abas,1
abba,0
abbe,1
abbr,0
abby,0
abed,1
abel,0
abet,0
abie,1
abit,1
able,0
ably,0
abow,1
abox,1
abri,1
abut,0
acad,0
acct,0
aced,0
acer,1
aces,0
ache,0
achy,0
acid,0
acis,1
aclu,0
acme,0
acne,0
acop,1
acre,0
acta,1
acts,0
adam,0
adar,1
aday,1
adda,1
addn,1
addr,0
adds,0
aden,1
adin,1
adit,1
adjt,1
ados,1
adry,1
advt,0
adze,1
aeon,1
aero,0
aery,0
afar,0
afro,0
agag,1
agal,1
agar,0
agas,1
agcy,0
aged,0
agee,1
ager,1
ages,0
agha,1
agin,1
agio,1
agog,0
agon,1
agra,1
agua,0
ague,1
ahab,0
ahem,0
ahoy,0
ahum,1
aide,0
aids,0
ails,0
aims,0
aint,0
ainu,1
aire,1
airs,0
airy,0
aits,1
ajar,0
ajax,0
akee,1
akey,1
akim,1
akin,0
alae,1
alai,1
alan,0
alap,1
alar,1
alas,0
alba,1
albs,1
alea,1
alec,0
alee,1
alef,1
alen,1
ales,0
alex,0
alfa,1
alga,0
alia,1
alif,1
alii,1
alit,0
alix,1
alle,1
allo,1
alls,0
ally,0
alma,0
alms,1
aloe,0
alop,1
alow,1
alps,0
also,0
alto,0
alts,0
alum,0
amah,1
amal,1
amas,1
ambo,1
amen,0
amex,0
amia,1
amid,0
amie,1
amin,1
amir,1
amis,1
ammo,0
amok,1
amor,1
amos,0
amoy,1
amps,0
amyl,1
anal,0
anas,1
anat,1
anda,1
andi,1
ands,0
andy,0
anes,1
anet,1
anew,0
anil,1
anim,1
anis,1
ankh,1
anna,0
anne,0
anni,1
anno,1
anoa,1
anon,0
ansa,1
anta,1
ante,0
anti,0
ants,0
apar,1
aped,1
aper,1
apes,0
apex,0
apis,1
apod,1
appl,0
appt,0
apse,0
apts,0
aqua,0
arab,0
arbs,1
arca,1
arch,0
arco,1
arcs,0
area,0
ared,1
ares,0
argh,0
argo,1
aria,0
arid,0
aril,1
arks,1
arms,0
army,0
arne,1
arow,1
arse,0
arte,1
arts,0
arty,0
arum,1
arya,0
aryl,1
asap,0
asci,1
asea,1
ashy,0
asia,0
asks,0
asok,1
asop,1
asps,0
asse,1
assn,0
asst,0
asta,1
astr,1
atap,1
aten,1
ates,0
atip,1
atka,1
atli,1
atmo,1
atom,0
atop,0
atry,1
atta,1
attn,0
atty,0
atwo,1
aube,1
auks,1
auld,1
aunt,0
aura,0
auth,0
auto,0
aver,0
aves,1
avid,0
avis,0
avow,0
awag,1
away,0
awed,0
awee,1
awes,0
awls,0
awns,0
awol,0
awry,0
axed,0
axel,0
axer,1
axes,0
axil,1
axis,0
axle,0
axon,0
ayes,0
azan,1
azon,1
baal,1
baas,1
baba,1
babe,0
babs,1
babu,1
baby,0
bach,0
back,0
bade,0
baff,1
bags,0
baht,1
bail,0
bain,1
bait,0
baja,1
bake,0
baku,1
bald,0
bale,0
bali,0
balk,0
ball,0
balm,0
bals,1
balt,1
bams,1
bana,1
banc,1
band,0
bane,0
bang,0
bank,0
bans,0
bapt,1
bara,1
barb,0
bard,0
bare,0
barf,0
bari,1
bark,0
barn,0
barr,0
bars,0
bart,0
base,0
bash,0
bask,0
bass,0
bast,1
bate,1
bath,0
bats,0
batt,0
baud,1
bawd,1
bawl,0
bays,0
bbls,0
bdrm,0
bead,0
beak,0
beam,0
bean,0
bear,0
beat,0
beau,0
beck,0
bede,1
beds,0
beef,0
been,0
beep,0
beer,0
bees,0
beet,0
begs,0
bein,1
bela,1
bell,0
bels,1
belt,0
beme,1
bend,0
bene,1
bens,1
bent,0
berg,0
beri,1
berm,1
bern,0
bert,0
bess,0
best,0
beta,0
bete,1
beth,0
bets,0
bevy,1
bias,0
bibb,1
bibi,1
bibs,0
bide,0
bids,0
bien,1
bier,1
biff,1
biga,1
bike,0
bile,0
bilk,1
bill,0
bind,0
bine,1
bing,0
bins,0
biog,0
biol,0
bios,0
bird,0
birl,1
bite,0
bito,1
bits,0
bitt,1
biwa,1
blab,1
blah,0
blam,1
blas,1
blat,1
bldg,0
bleb,1
bled,0
bleu,1
blew,0
blin,1
blip,0
blob,0
bloc,1
blot,0
blow,0
blue,0
blur,0
blvd,0
boar,0
boas,0
boat,0
boba,0
bobo,1
bobs,0
boca,1
bock,1
bode,0
bods,1
body,0
boer,1
boff,1
bogs,0
bogy,1
boho,0
boil,0
bois,1
bola,1
bold,0
bole,1
boll,1
bolo,0
bolt,0
bomb,0
bona,1
bond,0
bone,0
bong,0
bonk,0
bono,0
bons,0
bony,0
boob,0
book,0
boom,0
boon,0
boor,1
boos,0
boot,0
bops,0
bora,1
bore,0
borg,1
born,0
boro,1
bosc,1
bose,1
bosh,0
bosn,1
boss,0
bota,1
both,0
bots,0
bout,0
bowe,1
bowl,0
bows,0
boxy,0
boyd,1
boyo,1
boys,0
bozo,0
brad,0
brae,1
brag,0
bram,1
bran,0
bras,0
brat,0
bray,0
bred,0
bree,1
bren,1
bret,1
brew,0
brie,0
brig,0
brim,0
brin,1
brio,1
brit,0
bros,0
brow,0
brrr,1
brut,1
buck,0
buds,0
buff,0
bugs,0
bulb,0
bulk,0
bull,0
bump,0
bums,0
bung,1
bunk,0
buns,0
bunt,0
buoy,0
burg,0
burl,1
burn,0
burp,0
burr,0
burs,1
burt,1
bury,0
bush,0
buss,1
bust,0
busy,0
buts,0
butt,0
buys,0
buzz,0
byes,0
byte,0
cabs,0
cads,0
cady,1
cafe,0
cage,0
cagy,1
cain,1
cake,0
caky,1
calc,1
calf,0
call,0
calm,0
cals,1
calx,1
came,0
camp,0
cams,1
cana,1
cane,0
cans,0
cant,0
capa,1
cape,0
capo,1
caps,0
cara,1
card,0
care,0
carl,1
caro,1
carp,0
carr,1
cars,0
cart,0
cary,1
casa,1
case,0
cash,0
cask,0
cass,1
cast,0
cate,1
cath,1
cats,0
caul,1
cava,1
cave,0
cavy,1
caws,0
cays,0
cede,1
cees,1
ceil,1
cell,0
celt,1
cene,1
cent,0
cepe,1
cera,1
cern,0
cero,1
cert,0
cess,0
cest,1
cete,1
chad,0
chai,0
chan,0
chao,1
chap,0
char,0
chat,0
chaw,1
chee,1
chef,0
chem,0
chen,1
cher,1
chet,1
chew,0
chez,1
chia,0
chic,0
chin,0
chip,0
chis,1
chit,0
chop,0
chou,1
chow,0
choy,1
chub,1
chug,0
chum,0
ciao,1
cine,1
circ,1
cire,1
cite,0
city,0
clad,0
clam,0
clan,0
clap,0
clar,1
claw,0
clay,0
clef,0
clem,1
clew,1
clio,1
clip,0
clod,0
clog,0
clop,0
clot,0
cloy,0
club,0
clue,0
cmdr,1
coal,0
coat,0
coax,0
cobb,0
cobs,1
coca,1
cock,0
coco,1
coda,1
code,0
cods,0
coed,0
cogs,0
coho,1
coif,1
coil,0
coin,0
coir,1
coit,1
coke,0
cola,0
cold,0
cole,1
coli,1
coll,1
cols,1
colt,0
coma,0
comb,0
come,0
comm,0
comp,0
coms,1
conc,1
cone,0
conf,0
cong,1
conj,1
conk,0
conn,1
cons,0
cont,1
conv,1
cony,1
cook,0
cool,0
coon,1
coop,0
coos,1
coot,1
copa,1
cope,0
cops,0
copt,1
copy,0
cora,1
cord,0
core,0
cork,0
corm,1
corn,0
corp,0
corr,1
cory,1
cost,0
cosy,0
cote,1
cots,0
coup,0
cove,0
cowl,0
cows,0
coxa,1
cozy,0
cpus,1
crab,0
crag,1
cram,0
cran,0
crap,0
craw,1
cray,0
cree,1
cres,1
crew,0
crib,0
crip,0
cris,1
crit,0
croc,0
crop,0
crow,0
crts,1
crud,0
crus,1
crux,0
ctrl,1
cuba,1
cube,0
cubs,0
cuds,1
cued,0
cues,0
cuff,0
cuke,1
cull,0
culp,1
cult,0
cups,0
curb,0
curd,0
cure,0
curl,0
curs,1
curt,0
cusp,0
cuss,0
cute,0
cuts,0
cyan,0
cyst,0
czar,0
dabs,0
dace,1
dada,1
dade,1
dado,1
dads,0
daft,0
dahs,1
dail,1
dais,0
dale,0
dali,1
dama,1
dame,0
damn,0
damp,0
dams,0
dana,1
dane,0
dang,0
dank,0
daps,1
dare,0
dark,0
darn,0
dart,0
dash,0
data,0
date,0
daub,0
dave,0
davy,1
dawn,0
daws,1
days,0
daze,0
dead,0
deaf,0
deal,0
dean,0
dear,0
debi,1
debs,1
debt,0
deck,0
deco,1
deed,0
deem,0
deep,0
deer,0
dees,1
defs,1
deft,0
defy,0
deis,1
deja,1
deke,1
dele,1
deli,0
dell,1
dels,1
deme,1
demi,0
demo,0
dene,1
dens,0
dent,0
deny,0
dept,0
dere,1
derm,0
dern,1
desc,1
desi,1
desk,0
deus,1
deux,0
deva,1
devi,1
dews,1
dewy,0
deys,1
dhow,1
diag,1
dial,0
diam,1
dian,1
dias,1
dibs,0
dice,0
dick,0
dict,1
dido,1
died,0
diem,0
dies,0
diet,0
diff,0
digs,0
dike,1
dill,0
dime,0
dims,0
dine,0
ding,0
dink,0
dino,1
dins,0
dint,1
dion,1
dipl,1
dips,0
dire,0
dirk,1
dirt,0
disc,0
dish,0
disk,0
diss,0
dist,1
dits,1
diva,0
dive,0
dobe,1
doby,1
dock,0
docs,0
dodd,1
dodo,0
doer,1
does,0
doff,1
doge,1
dogs,0
dogy,1
doit,0
dojo,0
dole,0
doll,0
dolt,0
dome,0
doms,1
dona,1
done,0
dong,0
dons,0
dont,0
doom,0
door,0
dopa,1
dope,0
dopy,1
dora,1
dorm,0
dorp,1
dorr,1
dors,1
dory,0
dose,0
doss,1
dost,1
dote,0
doth,0
doto,1
dots,0
doty,1
doug,1
doup,1
dour,1
doux,1
dove,0
dowd,1
down,0
doze,0
dozy,1
drab,0
drag,0
dram,0
drat,1
draw,0
dray,1
dreg,0
drew,0
drib,1
drip,0
drop,0
drub,1
drug,0
drum,0
drys,1
duad,1
dual,0
dubs,0
duce,1
duck,0
duct,0
dude,0
duds,0
duel,0
dues,0
duet,0
duff,1
duke,0
dull,0
duly,0
duma,1
dumb,0
dump,0
dune,0
dunk,0
duns,1
duos,0
dupe,0
dura,0
duro,1
dusk,0
dust,0
duty,0
dyad,0
dyed,0
dyer,0
dyes,0
dyke,1
dyne,1
each,0
earl,0
earn,0
ears,0
ease,0
east,0
easy,0
eats,0
eaux,1
eave,0
ebbs,0
eben,1
ebon,0
ecce,1
eccl,1
echo,0
echt,1
ecol,1
econ,0
ecru,1
ecus,1
edam,1
edda,1
eddy,0
eden,0
edge,0
edgy,0
edhs,1
edit,0
edna,1
educ,1
eels,0
eely,0
eery,1
effs,1
efts,1
egad,1
egal,1
eger,1
eggs,0
eggy,0
egis,1
egos,0
eire,1
eked,0
ekes,0
elan,1
elec,1
elem,0
elev,1
elhi,1
elia,1
elks,0
ella,1
elle,0
ells,1
elms,0
elon,1
elsa,1
else,0
elul,1
emer,1
emes,1
emeu,1
emil,1
emir,0
emit,0
emma,1
emmy,1
emus,1
encl,1
ency,1
ende,1
ends,0
engr,1
engs,1
enid,1
enol,1
enos,1
enow,1
ense,1
entr,1
envy,0
eons,1
epee,0
epic,0
epos,1
eral,1
eras,0
erat,1
ergo,0
ergs,1
eria,1
eric,1
erie,0
erik,1
erin,1
eris,1
erma,1
erne,1
erns,1
eros,1
errs,0
erse,1
erst,1
esau,1
esne,1
espy,0
esse,1
esth,1
etas,1
etch,0
eths,1
etna,1
eton,1
etta,1
etui,1
etym,1
eure,1
euro,0
eval,0
evan,1
even,0
ever,0
eves,1
evil,0
evoe,1
ewer,1
ewes,0
exam,0
exch,1
exec,0
exes,1
exit,0
exon,1
expo,1
eyed,0
eyer,1
eyes,0
eyre,1
ezra,1
face,0
fact,0
fade,0
fads,1
fail,0
fain,1
fair,0
fait,1
fake,0
fala,1
falk,1
fall,0
fame,0
fang,1
fans,0
fare,0
farm,0
faro,1
fast,0
fate,0
fats,0
faun,1
faux,0
fawn,0
fays,1
faze,0
fear,0
feat,0
feds,1
feed,0
feel,0
fees,0
feet,0
fell,0
felt,0
fend,0
fens,1
fern,0
fess,1
fest,0
feta,0
fete,0
feud,0
fiat,0
fibs,0
fica,0
fict,1
fide,1
fido,1
fief,1
fife,0
figs,0
fiji,0
fila,1
file,0
fili,1
fill,0
film,0
fils,1
find,0
fine,0
fini,1
fink,1
finn,1
fins,0
fire,0
firm,0
firn,1
firs,0
fisc,1
fish,0
fisk,1
fist,0
fits,0
fitz,1
five,0
fixe,1
fizz,0
flab,0
flag,0
flak,0
flam,1
flan,0
flap,0
flat,0
flaw,0
flax,0
flay,0
flea,0
fled,0
flee,0
flew,0
flex,0
flic,1
flip,0
flit,1
flix,1
floe,1
flog,0
flop,0
flor,1
flow,0
flub,0
flue,1
flus,1
foal,0
foam,0
fobs,1
foci,0
foes,1
fogs,1
fogy,1
fohn,1
foil,0
fold,0
folk,0
fond,0
font,0
food,0
fool,0
foot,0
fops,1
fora,1
ford,0
fore,0
fork,0
form,0
fort,0
foss,1
foul,0
four,0
fowl,0
foxy,0
foys,1
frag,1
frat,0
frau,1
fray,0
fred,1
free,0
freq,1
fret,0
frey,0
frit,1
froe,1
frog,0
from,0
frug,1
fuel,0
fugu,1
fuji,1
full,0
fume,0
fund,0
funk,0
funt,1
furl,0
furs,0
fury,0
fuse,0
fuss,0
fuzz,0
gabe,1
gabs,0
gaby,1
gads,1
gaea,1
gael,1
gaff,0
gaga,1
gage,0
gags,0
gaia,1
gail,1
gain,0
gait,0
gala,0
gale,0
gall,0
gals,0
galt,1
game,0
gams,1
gamy,1
gang,0
gant,1
gaol,1
gape,0
gaps,0
garb,0
gare,0
garn,1
gars,1
gary,0
gash,0
gasp,0
gate,0
gats,1
gaul,1
gave,0
gawk,0
gawp,0
gays,0
gaze,0
gear,0
geds,1
geed,1
geek,0
geer,1
gees,1
geez,0
geld,1
gels,0
gelt,0
gems,0
gena,1
gene,0
genl,1
gens,1
gent,1
geog,1
geol,1
geom,1
gere,1
germ,0
gest,1
geta,1
gets,0
ghat,1
ghee,0
gibe,0
gift,0
giga,0
gigi,1
gigs,0
gila,1
gild,0
gill,0
gilt,1
gimp,0
gins,0
gird,0
girl,0
giro,1
girt,1
gish,1
gist,0
give,0
glad,0
glam,0
glee,0
glen,0
glib,0
glob,0
glom,1
glop,1
glow,0
glue,0
glug,0
glum,0
glut,1
glyn,1
gnar,1
gnat,0
gnaw,0
gnus,0
goad,1
goal,0
goas,1
goat,0
gobi,1
gobs,1
goby,1
gods,0
goer,1
goes,0
gogo,1
gold,0
golf,0
gone,0
gong,0
good,0
goof,0
gook,1
goon,0
goop,0
goos,1
gore,0
gory,0
gosh,0
goss,1
goth,0
goto,0
goup,1
gout,0
govt,1
gown,0
grab,0
grad,0
graf,1
gram,0
gras,1
gray,0
greg,1
gres,1
grew,0
grey,0
grid,0
grig,1
grim,0
grin,0
grip,0
gris,1
grit,0
grog,0
gros,1
grot,1
grow,0
grub,0
guam,1
guar,1
guck,0
guff,1
gulf,0
gull,0
gulp,0
gump,1
gums,0
gung,1
gunk,0
guns,0
guru,0
gush,0
gust,0
guts,0
guys,0
gwen,1
gyms,0
gyps,1
gyre,1
gyro,0
hack,0
hadj,1
haec,1
haft,1
hags,0
haha,1
hahs,1
hail,0
hair,0
haji,1
hajj,1
hake,1
hale,0
half,0
hall,0
halo,0
hals,1
halt,0
hame,1
hams,0
hand,0
hang,0
hank,1
hans,1
haps,1
hard,0
hare,0
hark,0
harm,0
harp,0
hart,0
hash,0
hasp,0
hast,0
hate,0
hath,0
hats,0
haul,0
haut,1
have,0
hawk,0
haws,0
hays,1
haze,0
hazy,0
head,0
heal,0
heap,0
hear,0
heat,0
hebe,1
heck,0
heed,0
heel,0
heep,1
heft,0
hehe,1
heil,1
heir,0
held,0
hell,0
helm,0
help,0
heme,1
hemp,0
hems,0
hens,0
hera,1
herb,0
herd,0
here,0
hero,0
herr,1
hers,0
heth,1
hewn,0
hews,0
hexa,1
hick,0
hide,0
hied,1
hies,1
high,0
hike,0
hill,0
hilt,0
hind,0
hint,0
hips,0
hire,0
hisn,1
hiss,0
hist,1
hits,0
hive,0
hoar,1
hoax,0
hobo,0
hobs,0
hoch,1
hock,0
hods,1
hoed,1
hoer,1
hoes,0
hogg,1
hogs,0
hoho,1
hoke,1
hola,1
hold,0
hole,0
holi,1
holm,1
holt,1
holy,0
home,0
homo,1
homy,1
hone,0
hong,1
honk,0
hood,0
hoof,0
hook,0
hoop,0
hoot,0
hope,0
hopi,1
hops,0
hora,0
horn,0
hors,1
hose,0
hosp,1
hoss,0
host,0
hote,1
hots,0
hour,0
hove,1
howe,1
howl,0
hows,1
hoya,1
hubs,1
huck,1
hued,0
hues,0
huey,1
huff,0
huge,0
hugh,1
hugo,1
hugs,0
hula,0
hulk,0
hull,0
hulu,1
hume,1
hump,0
hums,0
hund,1
hung,0
hunh,1
hunk,0
huns,1
hunt,0
hurl,0
hurt,0
hush,0
husk,0
huts,0
hyde,1
hymn,0
hype,0
hypo,0
iago,1
iamb,0
ibex,0
ibid,1
ibis,1
icbm,1
iced,0
ices,0
icky,0
icon,0
idea,0
idee,1
idem,1
ideo,1
ides,1
idle,0
idly,0
idol,0
idyl,1
iffy,0
iglu,1
ikon,1
ilea,1
ilex,1
ilia,1
ilka,1
ilks,0
ills,0
illy,1
ilya,1
imam,0
iman,0
imit,1
imps,0
inca,1
inch,0
incl,1
incr,1
indy,1
inez,1
info,0
inga,1
init,1
inks,0
inky,0
inly,1
inns,0
inro,1
insp,1
inst,0
intl,1
into,0
intr,1
ione,1
ions,0
iota,0
iowa,1
ipse,1
ipso,1
iran,1
iraq,1
ired,0
ires,0
irid,1
iris,0
irks,0
irma,1
iron,0
isis,0
isle,0
isls,1
isms,1
ismy,1
isnt,0
isth,1
ital,1
itch,0
itea,1
item,0
iten,1
iter,0
itll,1
itsy,0
itza,1
iuds,1
ivan,1
iyar,1
izzy,1
jabs,0
jack,0
jade,0
jags,0
jail,0
jake,1
jama,1
jamb,1
jami,1
jams,0
jane,0
jann,1
jape,1
jars,0
jato,1
java,0
jaws,0
jays,0
jazz,0
jean,0
jeep,0
jeer,0
jeez,1
jefe,1
jeff,1
jehu,1
jell,1
jerk,0
jess,1
jest,0
jesu,1
jete,1
jets,0
jews,0
jibe,0
jibs,1
jiff,1
jigs,0
jill,0
jilt,0
jinn,1
jinx,0
jive,0
joan,1
jobs,0
jock,0
joel,1
joes,1
joey,1
jogs,0
john,0
joie,1
join,0
joke,0
jolt,0
jong,1
joni,1
joon,1
jose,1
josh,0
joss,1
jots,0
jour,1
jove,1
jowl,0
joys,0
juan,1
juba,1
jude,1
judo,0
judy,1
jugs,0
juju,1
juke,0
jule,1
july,0
jump,0
june,0
junk,0
juno,1
jure,1
jury,0
just,0
jute,1
juts,0
kale,0
kali,1
kama,1
kane,1
kans,1
kant,1
kaon,1
karl,1
karo,1
kart,1
kate,1
kats,1
katy,1
kava,1
kayo,1
kays,1
kcal,1
keas,1
keel,0
keen,0
keep,0
kegs,0
keir,1
kelp,0
kemp,1
keno,1
kens,1
kent,0
kepi,1
kept,0
kerf,1
kern,1
keys,0
khan,1
kick,0
kids,0
kiel,1
kiev,1
kiki,1
kill,0
kiln,0
kilo,0
kilt,0
kind,0
kine,1
king,0
kink,0
kips,1
kiri,1
kirk,1
kiss,0
kist,1
kite,0
kith,1
kits,0
kiwi,0
klan,1
knap,0
knar,1
knee,0
knew,0
knit,0
knob,0
knot,0
know,0
knox,0
knut,1
koan,1
koch,1
kohl,0
koko,1
kola,1
kona,1
kong,1
kook,0
kops,1
koto,1
kris,1
kudo,0
kudu,1
kung,1
kurd,1
kurt,1
kwan,1
kyle,1
labs,0
lace,0
lack,0
lacs,1
lacy,0
lade,1
lads,0
lady,0
lags,1
laic,1
laid,0
lain,0
lair,1
lait,0
lake,0
lalo,1
lama,0
lamb,0
lame,0
lamp,0
lams,1
lana,1
land,0
lane,0
lang,1
lank,1
laos,1
lapp,1
laps,0
lard,0
lark,0
lars,1
lase,1
lash,0
lass,0
last,0
late,0
lath,1
lati,1
lats,1
laud,1
lava,0
lave,1
lawn,0
laws,0
lays,0
laze,0
lazy,0
lead,0
leaf,0
leah,1
leak,0
leal,1
lean,0
leap,0
lear,1
leas,1
lech,1
lect,1
leda,1
lede,1
leds,1
leed,1
leek,0
leer,1
lees,1
leet,1
left,0
legs,0
lehi,1
lehr,1
leif,1
leis,1
leks,1
lena,1
lend,0
lene,1
leno,1
lens,0
lent,0
leon,1
leos,1
lese,1
less,0
lest,0
leto,1
lets,0
lett,1
levi,1
levo,1
levy,0
lewd,0
lgth,1
liar,0
libs,0
lice,0
lick,0
lida,1
lido,1
lids,0
lied,0
lief,1
lien,0
lier,1
lies,0
lieu,0
life,0
lifo,1
lift,0
like,0
lila,1
lilt,0
lily,0
lima,0
limb,0
lime,0
limn,1
limo,0
limp,0
lina,1
lind,1
line,0
ling,1
link,0
linn,1
lino,1
lint,0
liny,1
lion,0
lips,0
lira,1
lire,1
lisa,1
lisp,0
list,0
lite,0
lith,1
lits,1
live,0
liza,1
load,0
loaf,0
loam,1
loan,0
lobe,0
lobo,1
lobs,0
loca,1
loch,1
loci,0
lock,0
loco,1
lode,0
loft,0
loge,1
logo,0
logs,0
logy,1
loin,0
lois,1
loki,0
lola,1
loll,1
lolo,1
loma,1
lone,0
long,0
look,0
loom,0
loon,0
loop,0
loos,0
loot,0
lope,0
lops,1
lora,1
lord,0
lore,0
lori,1
lorn,0
lose,0
loss,0
lost,0
lots,0
loud,0
lour,1
lout,1
love,0
lowe,1
lows,0
luau,1
lube,0
luce,1
luck,0
lucy,1
luge,0
lugs,0
luis,1
luke,1
lull,0
lulu,1
lump,0
luna,0
lune,1
lung,0
lunk,0
lunn,1
lunt,0
lupe,0
lure,0
lurk,0
lush,0
lust,0
lute,0
luxe,0
lvov,1
lyes,0
lynn,1
lynx,0
lyon,1
lyra,1
lyre,0
lyse,1
maam,0
mace,0
mach,0
mack,0
macs,1
made,0
maes,1
mage,0
magi,0
mags,1
mahi,1
maia,1
maid,0
mail,0
maim,0
main,0
maja,1
make,0
mako,1
mala,1
male,0
mali,1
mall,0
malo,1
malt,0
mama,1
mana,1
mane,0
mani,1
mann,1
mano,1
mans,0
manx,1
many,0
maps,0
mara,1
marc,1
mare,0
marg,1
mari,1
mark,0
marl,1
marm,1
mars,0
mart,0
maru,1
marx,1
mary,0
masc,1
mash,0
mask,0
mass,0
mast,0
mate,0
math,0
mats,0
matt,1
maud,1
maul,0
maws,1
maxi,1
maya,1
mayo,0
mays,1
maze,0
mazy,1
mdse,1
mead,0
meal,0
mean,0
meas,1
meat,0
mech,1
mede,1
meek,0
meer,1
meet,0
mein,1
meld,0
mell,1
mels,1
melt,0
memo,0
mend,0
mene,1
meno,1
mens,1
ment,1
menu,0
meow,0
merc,1
mere,0
merl,1
merv,1
mesa,0
mesh,0
meso,1
mess,0
meta,0
mete,1
meth,0
mets,1
mewl,0
mews,0
mhos,1
mias,1
mibs,1
mica,0
mice,0
mick,1
midi,0
mien,1
miff,0
migs,1
mike,0
mila,1
mild,0
mile,0
milk,0
mill,0
milo,1
mils,1
milt,1
mime,0
mimi,1
mina,1
mind,0
mine,0
ming,1
mini,0
mink,0
mint,0
minx,0
mira,1
mire,0
miro,1
mirv,1
miry,1
misc,0
mise,1
miso,0
miss,0
mist,0
mite,0
mitt,0
mize,1
mmmm,1
mnem,1
moan,0
moas,1
moat,0
mobs,0
mock,0
mode,0
modi,1
mods,0
moet,1
mohr,1
moil,1
mojo,1
mold,0
mole,0
moll,1
mols,1
molt,0
moly,1
mome,1
moms,0
mona,1
monk,0
mono,0
mons,1
mont,1
mony,1
mood,0
moon,0
moor,0
moos,1
moot,1
mope,0
mops,0
mora,1
more,0
morn,1
moro,1
mort,0
mose,1
moss,0
most,0
mota,1
mote,1
moth,0
mots,1
mott,1
moue,1
move,0
mown,0
mows,0
moya,1
msec,1
mtge,1
much,0
muck,0
mudd,1
muds,0
muff,0
mugs,0
muir,1
mule,0
mull,0
mumm,1
mums,1
mung,1
muon,1
murk,0
muse,0
mush,0
musk,0
muss,0
must,0
mute,0
mutt,0
myna,1
myra,1
myst,1
myth,0
nabs,0
nada,0
nags,0
naif,1
nail,0
nair,1
name,0
nana,1
napa,1
nape,0
naps,1
narc,0
nard,1
nark,1
nary,0
nasa,0
nash,1
naso,1
nast,1
nate,1
natl,1
nato,0
naut,1
nave,0
navi,1
navy,0
nays,1
nazi,1
neal,1
neap,1
near,0
neat,0
nebs,1
neck,0
need,0
neer,1
neet,1
neil,1
nein,1
nell,1
nemo,1
nene,1
neon,0
nerd,0
neri,1
ness,0
nest,0
neth,1
nets,0
neut,1
neve,1
news,0
newt,0
next,0
nias,1
nibs,1
nice,0
nick,0
nidi,1
nigh,0
nike,0
nile,0
nils,1
nina,1
nine,0
nipa,1
nips,0
nisi,1
nits,1
noah,1
noam,1
nobs,1
node,0
nods,0
noel,0
noes,1
nogs,1
noir,0
noll,1
nolo,1
nome,1
noms,1
nona,1
none,0
nook,0
noon,0
noop,1
nope,0
nora,1
nori,1
norm,0
norn,1
nose,0
nosh,0
nosy,0
nota,1
note,0
nots,1
noun,0
nous,1
nova,0
novo,1
nsec,1
nubs,1
nude,0
nuke,0
numb,0
nuns,0
nuts,0
nyet,1
oafs,0
oaks,0
oaky,0
oars,0
oast,1
oath,0
oats,0
oaty,1
oban,1
obes,1
obey,0
obis,1
obit,0
oboe,0
obol,1
ocas,1
odds,0
odea,1
odes,1
odic,1
odin,1
odor,0
offs,0
ogee,1
ogle,0
ogpu,1
ogre,0
ohed,1
ohio,0
ohms,0
oils,0
oily,0
oink,0
okay,0
okey,1
okie,0
okra,0
olaf,1
olds,0
olea,1
oleg,1
oleo,0
oles,1
olga,1
olid,1
olio,1
olla,1
olof,1
olpe,1
oman,1
omar,1
omen,0
omer,1
omit,0
omni,0
onan,1
once,0
oner,1
ones,0
only,0
onto,0
onus,0
onym,1
onyx,0
oohs,1
oooo,1
oops,0
ooze,0
oozy,0
opah,1
opal,0
opec,0
oped,1
open,0
opes,1
opts,1
opus,1
orad,1
oral,0
orbs,0
orca,0
orch,1
orcs,1
ordo,1
ores,0
orfe,1
orgy,0
orig,1
orle,1
orly,1
orth,1
orts,1
oryx,1
osar,1
oses,1
oslo,0
ossa,1
osse,1
otic,1
otis,1
otto,1
ouch,0
ours,0
oust,0
outs,0
ouzo,1
oval,0
oven,0
over,0
ovid,1
ovis,1
ovum,1
owed,0
owen,1
ower,1
owes,0
owls,0
owly,0
owns,0
oxen,0
oxes,0
oyer,1
oyes,1
oyez,1
paar,1
paba,1
paca,1
pace,0
pack,0
paco,1
pacs,1
pact,0
pads,0
page,0
paid,0
pail,0
pain,0
pair,0
pais,1
pale,0
pall,0
palm,0
palp,1
pals,0
pams,1
pane,0
pang,0
pans,0
pant,0
papa,1
paps,1
para,0
parc,1
pard,1
pare,0
pari,1
park,0
parl,1
parr,1
pars,1
part,0
pase,1
paso,1
pass,0
past,0
pate,1
path,0
pats,0
paul,0
pave,0
pavo,1
pawl,1
pawn,0
paws,0
pays,0
peak,0
peal,0
pear,0
peas,0
peat,0
peck,0
peds,1
peek,0
peel,0
peen,1
peep,0
peer,0
pees,0
pegs,0
peke,1
pele,1
pelf,1
pell,1
pelt,0
pend,1
pens,0
pent,0
peon,1
peps,1
pere,1
perf,1
peri,1
perk,0
perm,0
pern,1
perp,1
pers,1
pert,0
peru,0
peso,0
pest,0
pete,1
petr,1
pets,0
pews,0
pfui,1
phar,1
phat,0
phew,0
phil,0
phis,1
phon,1
phos,1
phys,1
pias,1
pica,0
pick,0
pico,1
pics,1
pict,1
pied,0
pier,0
pies,0
piet,1
pigs,0
pika,1
pike,0
pile,0
pill,0
pima,1
pimp,0
pina,1
pine,0
ping,0
pink,0
pins,0
pint,0
piny,1
pion,1
pipe,0
pips,1
pisa,1
pish,1
pita,0
pith,0
pits,0
pity,0
pius,1
pixy,1
pkgs,1
pkwy,1
plan,0
plat,0
play,0
plea,0
pleb,1
pled,1
plex,1
plie,1
plod,0
plop,0
plot,0
plow,0
ploy,0
plug,0
plum,0
plur,1
plus,0
pock,1
poco,1
pods,0
poem,0
poet,0
pogo,0
pois,1
poke,0
poky,1
pole,0
polk,0
poll,0
polo,0
pols,1
poly,0
pome,1
pomp,0
pond,0
pone,0
pong,0
pons,0
pont,1
pony,0
poof,0
pooh,1
pool,0
poop,0
poor,0
pope,0
pops,0
porc,1
pore,0
pork,0
porn,0
port,0
pose,0
posh,0
post,0
posy,0
pots,0
pouf,1
pour,0
pout,0
pows,1
pram,1
prat,1
pray,0
pred,1
pref,1
prep,0
pres,0
pret,1
prev,1
prey,0
prie,1
prig,1
prim,0
prin,1
prix,1
proa,1
prob,0
prod,0
prof,1
prog,0
prom,0
prop,0
pros,0
prov,0
prow,1
psec,1
psis,1
psst,1
pubs,0
puce,1
puck,0
puff,0
pugs,0
pule,1
puli,1
pull,0
pulp,0
puma,0
pump,0
pung,1
punk,0
puns,0
punt,0
puny,0
pupa,1
pups,0
pure,0
purl,1
purr,0
push,0
puss,0
puts,0
putt,0
pyre,1
pyro,0
qaid,1
qoph,1
quad,0
quai,1
qual,1
quay,1
ques,1
quid,0
quin,1
quip,0
quit,0
quiz,0
quod,1
rabi,1
race,0
rack,0
racy,0
rads,1
rafe,1
raft,0
raga,1
rage,0
rags,0
raid,0
rail,0
rain,0
raja,1
rake,0
raki,1
rale,1
rama,1
rami,1
ramp,0
rams,0
rana,1
rand,0
rang,0
rani,1
rank,0
rant,0
rape,1
raps,0
rapt,0
rara,1
rare,0
rasa,1
rase,1
rash,0
rasp,0
rata,1
rate,0
rats,0
raul,1
rave,0
ravi,1
rays,0
raze,0
razz,0
rcpt,1
read,0
real,0
ream,0
reap,0
rear,0
rebs,1
recd,1
recs,1
rect,1
redd,1
rede,1
redo,0
reds,1
reed,0
reef,0
reek,0
reel,0
rees,1
refs,1
reft,1
rego,1
regt,1
reid,1
rein,0
rely,0
remi,1
rems,1
rend,0
reno,1
rent,0
renu,1
repr,1
reps,0
rept,1
reqd,1
resh,1
resp,1
rest,0
retd,1
rete,1
rets,1
reve,1
revs,1
rhea,1
rheo,1
rhet,1
rhos,1
rial,1
ribs,0
rice,0
rich,0
rick,1
ride,0
rids,1
riel,1
rife,0
riff,0
rift,0
riga,1
rigs,0
rile,0
rill,0
rima,1
rime,1
rims,1
rimy,1
rind,0
ring,0
rink,0
riot,0
ripa,1
ripe,0
rips,0
rise,0
risk,0
rita,1
rite,0
ritz,0
riva,1
rive,1
road,0
roam,0
roan,0
roar,0
robe,0
robs,0
rock,0
rocs,1
rode,0
rods,0
roes,1
roid,1
roil,0
role,0
rolf,1
roll,0
rome,0
romp,0
roms,1
rood,1
roof,0
rook,0
room,0
root,0
rope,0
ropy,1
rory,1
rosa,1
rose,0
ross,1
rosy,0
rota,1
rote,0
roti,0
rotl,1
roto,1
rots,0
roue,1
rout,0
roux,0
rove,0
rows,0
roxy,1
rsvp,1
rube,1
rubs,0
ruby,0
rudd,1
rude,0
rudy,1
rued,1
ruer,1
rues,1
rugs,0
ruin,0
rule,0
ruly,0
rump,0
rums,1
rune,0
rung,0
runs,0
runt,0
ruse,0
rush,0
rusk,1
russ,1
rust,0
ruta,1
ruth,1
ruts,0
ryas,1
ryes,0
sabe,1
sack,0
saco,1
sacs,1
sade,1
sado,1
sadr,1
safe,0
saga,0
sage,0
sago,1
sags,0
said,0
sail,0
sain,1
sake,0
saki,1
sala,1
sale,0
sals,1
salt,0
same,0
samp,1
sand,0
sane,0
sang,0
sank,0
sans,0
sant,1
saps,0
sara,1
sard,1
sari,1
sark,1
sash,0
sass,0
sate,0
sati,1
saul,1
saur,1
save,0
sawn,1
saws,0
saxe,1
saya,1
says,0
scab,0
scad,1
scag,1
scam,0
scan,0
scar,0
scat,0
scop,1
scot,1
scow,1
scry,0
scud,0
scum,0
scup,1
scut,1
seal,0
seam,0
sean,1
sear,0
seas,0
seat,0
secs,1
sect,0
secy,1
seed,0
seek,0
seem,0
seen,0
seep,0
seer,0
sees,0
sego,1
seis,1
self,0
sell,0
seme,1
semi,0
send,0
sent,0
seps,1
sept,0
sera,1
serb,1
sere,1
serf,0
seri,1
sero,1
sers,1
sert,1
sess,1
seta,1
seth,1
sets,0
sett,1
seve,1
sewn,0
sews,0
sext,1
sexy,0
shad,1
shag,0
shah,1
sham,0
shan,1
shaw,0
sham,0
shan,1
shaw,0
shay,1
shea,0
shed,0
shel,1
shem,1
sher,1
shes,1
shew,1
shia,1
shih,1
shim,1
shin,0
ship,0
shiv,1
shmo,1
shod,1
shoe,0
shoo,0
shop,0
shor,1
shot,0
show,0
shul,1
shun,1
shut,0
siam,1
sibs,1
sick,0
sics,1
side,0
sift,0
sigh,0
sign,0
sikh,0
silk,0
sill,0
silo,0
silt,0
sima,1
simp,0
sims,1
sine,0
sing,0
sink,0
sins,0
sion,1
sipe,1
sips,0
sire,0
sirs,1
sisi,1
siss,1
sita,1
site,0
sith,0
sits,0
situ,1
sitz,1
siva,1
size,0
skal,1
skat,1
sked,1
skee,1
skeg,1
skew,0
skid,0
skil,1
skim,0
skin,0
skip,0
skis,0
skit,0
skua,1
skye,1
skys,0
slab,0
slag,0
slam,0
slap,0
slat,1
slav,1
slaw,0
slay,0
sled,0
slew,0
slid,0
slim,0
slip,0
slit,0
slob,0
sloe,0
slog,0
slop,0
slot,0
slow,0
slue,1
slug,0
slum,0
slur,0
smee,1
smew,1
smit,1
smog,0
smug,0
smut,0
snag,0
snap,0
snee,1
snip,0
snit,0
snob,0
snog,0
snot,0
snow,0
snub,0
snug,0
snye,1
soak,0
soap,0
soar,0
sobs,0
sock,0
soda,0
sods,1
sofa,0
soft,0
soho,1
soil,0
soir,1
sola,1
sold,0
sole,0
soli,1
solo,0
sols,1
soma,0
some,0
sone,1
song,0
sons,0
soon,0
soot,0
soph,1
sops,1
sora,1
sorb,1
sore,0
soso,1
sots,1
soul,0
soup,0
sour,0
sous,0
sown,0
sows,0
soya,1
soys,1
spad,1
spam,0
span,0
spar,0
spas,1
spat,0
spay,0
spec,0
sped,0
spew,0
spex,1
spic,1
spin,0
spit,0
spot,0
spry,0
spud,0
spun,0
spur,0
sris,1
stab,0
stad,1
stag,0
stan,0
star,0
stat,0
stay,0
stem,0
sten,1
step,0
ster,1
stet,1
stew,0
stir,0
stoa,1
stop,0
stor,1
stow,0
stub,0
stud,0
stum,1
stun,0
stye,0
styx,0
subj,1
subs,0
such,0
suck,0
suds,0
sued,0
suer,1
sues,0
suet,1
suey,1
suez,1
sufi,1
suit,0
sula,1
sulk,0
sulu,1
sumo,1
sump,1
sums,0
sung,0
sunk,0
suns,0
supe,1
sups,1
supt,1
sura,1
sure,0
surf,0
surg,1
suss,1
suzy,1
swab,0
swag,0
swam,0
swan,0
swap,0
swat,0
sway,0
swig,0
swim,0
swum,0
syll,1
sync,0
syne,1
syst,1
tabs,0
tabu,1
tach,1
tack,0
taco,0
tact,0
tads,1
tael,1
taft,1
tags,0
tail,0
take,0
talc,0
tale,0
tali,1
talk,0
tall,0
tama,1
tame,0
tamp,0
tams,1
tana,1
tang,0
tank,0
tans,0
taos,1
tapa,1
tape,0
taps,0
tara,1
tare,1
tarn,1
taro,0
tarp,0
tars,0
tart,0
task,0
tass,1
tate,1
tats,1
taur,1
taus,1
taut,0
taws,1
taxa,0
taxi,0
tbsp,1
tchr,1
teak,0
teal,0
team,0
tear,0
teas,0
teat,1
tech,0
teds,1
teed,1
teem,0
teen,0
tees,0
tela,1
tele,0
tell,0
tema,1
temp,0
tend,0
teng,1
tens,0
tent,0
tera,1
teri,1
term,0
tern,1
terp,1
terr,1
tess,1
test,0
tete,1
text,0
thad,1
thai,0
than,0
thar,1
that,0
thaw,0
thea,1
thee,0
them,0
then,0
theo,1
they,0
thin,0
this,0
thon,1
thor,1
thos,1
thou,0
thro,1
thru,0
thud,0
thug,0
thus,0
tick,0
tics,0
tide,0
tidy,0
tied,0
tier,0
ties,0
tiff,0
tige,1
tiki,0
tile,0
till,0
tilt,0
time,0
tina,1
tine,0
ting,1
tink,1
tino,1
tins,0
tint,0
tiny,0
tipi,1
tips,0
tire,0
tiro,1
titi,1
tits,0
toad,0
toat,1
tobe,1
toby,1
tock,1
todd,1
tods,1
toed,0
toes,0
toff,1
tofu,0
toga,0
togo,1
togs,1
toil,0
toit,1
toke,1
told,0
tole,1
toll,0
toma,1
tomb,0
tome,0
toms,1
tone,0
tong,0
tonk,1
tons,0
tony,1
took,0
tool,0
toon,0
toot,0
tope,1
topi,1
topo,1
tops,0
tora,1
tore,0
tori,1
torn,0
toro,1
torr,0
tors,1
tort,0
tory,0
tosh,1
toss,0
tote,0
toto,1
tots,0
tour,0
tout,0
town,0
tows,0
toys,0
tpke,1
trac,1
trad,1
tram,0
tran,1
trap,0
tray,0
tree,0
tref,1
trek,0
tres,1
tret,1
trey,1
trib,1
trig,1
trim,0
trio,0
trip,0
trix,1
trod,0
tron,1
trop,1
trot,0
trow,1
troy,1
true,0
tsar,0
tsks,1
tuba,0
tube,0
tubs,0
tuck,0
tuft,0
tugs,0
tuna,0
tune,0
tuns,1
turf,0
turk,1
turn,0
tush,0
tusk,0
tuts,1
tutu,0
twas,0
tway,1
twee,0
twig,0
twin,0
twit,0
twos,1
tyee,1
tyes,1
tyke,0
tyne,0
type,0
typo,0
tyre,0
tyro,1
tzar,0
ucal,1
ufos,1
ughs,0
ugli,1
ugly,0
ukes,0
ulan,1
ulla,1
ulna,0
ulta,0
umps,0
unca,1
uncs,1
undo,0
unie,1
unit,0
univ,1
unix,0
unto,0
unum,1
upas,1
updo,0
upon,0
upsy,1
ural,0
urbs,1
urdu,0
urge,0
urim,1
urns,0
ursa,1
usar,1
used,0
usee,1
user,0
uses,0
ussr,1
utah,1
util,0
uvea,0
vail,1
vain,0
vale,0
vamp,0
vane,1
vans,0
vary,0
vase,0
vast,0
vats,0
veal,0
veau,1
veda,1
veep,1
veer,0
vees,1
vega,1
veil,0
vein,0
vela,1
veld,1
velo,1
vena,1
vend,0
vent,0
vera,1
verb,0
vers,1
vert,1
very,0
vest,0
veto,0
vets,0
vial,0
vibe,0
vice,0
vick,1
vide,1
vied,1
vier,1
vies,1
view,0
viii,1
vila,1
vile,0
vine,0
vino,0
vins,1
viol,1
vips,1
visa,0
vise,1
vita,0
viva,1
vive,1
vivo,1
voce,1
void,0
vole,1
vols,1
volt,0
vote,0
vows,0
waac,1
wabe,1
wack,0
waco,1
wacs,1
wade,0
wadi,1
wads,0
waft,0
wage,0
wags,0
waif,0
wail,0
wain,0
wait,0
wake,0
wale,1
walk,0
wall,0
walt,1
wand,0
wane,0
wang,1
wans,1
want,0
ward,0
ware,0
warm,0
warn,0
warp,0
wars,0
wart,0
wary,0
wash,0
wasp,0
wast,1
watt,0
wave,0
wavy,0
wawa,1
waxy,0
ways,0
weak,0
weal,1
wean,0
wear,0
webs,0
weds,0
weed,0
week,0
weep,0
weft,1
weir,1
weld,0
welk,1
well,0
welt,0
wend,1
went,0
wept,0
were,0
wert,1
west,0
wets,0
weve,1
wham,0
whap,1
what,0
whee,1
when,0
whet,1
whew,0
whey,0
whig,1
whim,0
whip,0
whir,1
whit,1
whiz,0
whoa,0
whod,1
whom,0
whoo,1
whop,1
whup,1
whys,1
wick,0
wide,0
wife,0
wigs,0
wild,0
wile,0
will,0
wilt,0
wily,0
wind,0
wine,0
wing,0
wink,0
wino,1
wins,0
winy,1
wipe,0
wire,0
wiry,0
wise,0
wish,0
wisp,0
with,0
wits,0
wive,1
woes,0
woke,0
woks,1
wold,1
wolf,0
womb,0
wong,1
wonk,0
wont,0
wood,0
woof,0
wool,0
woos,1
word,0
wore,0
work,0
worm,0
worn,0
wort,1
wove,0
wows,0
wrap,0
wray,1
wren,0
writ,0
wuss,0
wyes,1
wyle,1
wynn,1
wyss,1
xiii,1
xmas,0
xray,0
xvii,1
xylo,0
yack,0
yaks,0
yale,1
yams,0
yang,1
yank,0
yaps,0
yard,0
yare,1
yarn,0
yawl,1
yawn,0
yawp,1
yaws,0
yaya,1
yeah,0
yean,1
year,0
yeas,1
yech,1
yegg,1
yell,0
yelp,0
yens,0
yest,1
yeti,0
yews,1
yipe,1
yips,0
ylem,1
ymca,1
yoga,0
yogi,0
yoho,1
yoke,0
yolk,0
yond,1
yore,0
york,0
youd,1
your,0
yowl,1
yows,1
yoyo,0
yuan,1
yuck,0
yuks,1
yule,0
yuma,1
yurt,0
ywca,1
zach,1
zack,1
zags,0
zany,0
zaps,0
zarf,1
zeal,0
zebu,1
zeds,1
zees,1
zeke,1
zero,0
zest,0
zeta,0
zeus,0
zigs,0
zinc,0
zing,0
zion,1
zips,0
ziti,0
zits,0
zoic,1
zone,0
zool,1
zoom,0
zoos,0
zulu,1
zuni,1